id,first_name,last_name,email,country,ip_address,score
1,Rachel,Barnes,rbarnes0@forbes.com,Yemen,99.120.61.211,-1.78
2,Jean,Peterson,jpeterson1@utexas.edu,Indonesia,61.16.87.230,0.01
3,Rose,Carpenter,rcarpenter2@mashable.com,China,129.111.212.31,-0.31
4,Matthew,Hart,mhart3@yandex.ru,China,106.180.94.129,0.34
5,Ralph,Sanchez,rsanchez4@redcross.org,China,159.154.51.64,1.24
6,Samuel,Wilson,swilson5@vkontakte.ru,Indonesia,129.37.186.222,0.95
7,Juan,Clark,jclark6@va.gov,Albania,135.2.98.99,0.45
8,Wanda,Alvarez,walvarez7@youtu.be,China,116.27.111.101,2.02
9,Kevin,Nguyen,knguyen8@stumbleupon.com,Panama,86.100.188.147,0.36
10,Joe,Williams,jwilliams9@last.fm,Ethiopia,232.44.112.125,0.98
11,Eugene,Fernandez,efernandeza@mediafire.com,Afghanistan,201.218.242.97,-0.14
12,Theresa,Freeman,tfreemanb@woothemes.com,Kazakhstan,56.177.249.55,-1.07
13,Wayne,Lane,wlanec@ftc.gov,Portugal,16.32.67.151,1.28
14,Wanda,Day,wdayd@vinaora.com,China,137.116.112.157,1.04
15,Larry,Morgan,lmorgane@irs.gov,Indonesia,57.60.170.37,0.88
16,Kelly,Arnold,karnoldf@google.com.hk,Sri Lanka,205.166.237.248,-1.78
17,Alice,Phillips,aphillipsg@myspace.com,Portugal,190.220.24.187,0.41
18,Michael,Harrison,mharrisonh@yahoo.co.jp,Greece,214.139.181.220,0.02
19,Brandon,Mills,bmillsi@oracle.com,Czech Republic,31.44.24.84,-0.64
20,Lillian,Richardson,lrichardsonj@biblegateway.com,China,112.230.179.34,1.71
21,Louis,Tucker,ltuckerk@rakuten.co.jp,Bulgaria,84.139.121.11,1.68
22,Stephanie,Alexander,salexanderl@walmart.com,China,165.71.99.143,-2.91
23,Mildred,Dean,mdeanm@amazonaws.com,Albania,176.29.51.24,-0.24
24,Jeffrey,Garcia,jgarcian@usda.gov,China,76.115.134.234,-0.2
25,Anne,Russell,arussello@cocolog-nifty.com,Portugal,95.32.88.239,1.21
26,Kathryn,Wood,kwoodp@friendfeed.com,China,113.159.177.178,-0.55
27,Jean,Morales,jmoralesq@zdnet.com,Ukraine,158.231.9.201,-0.23
28,Frances,Warren,fwarrenr@shop-pro.jp,Croatia,185.175.129.67,0.63
29,Jessica,Stone,jstones@plala.or.jp,Sweden,223.159.48.164,0.81
30,Heather,Henry,hhenryt@netlog.com,Mali,147.237.195.53,-1.43
31,Roy,Mitchell,rmitchellu@reddit.com,Philippines,203.97.93.166,0.8
32,Martha,Fox,mfoxv@yellowbook.com,Brazil,30.132.193.164,0.07
33,Joshua,Smith,jsmithw@slate.com,China,21.251.119.16,-1.68
34,Steve,Duncan,sduncanx@stanford.edu,Latvia,212.89.131.168,0.27
35,Betty,Garza,bgarzay@abc.net.au,Japan,145.115.152.159,-0.56
36,Paul,Oliver,poliverz@macromedia.com,Slovenia,82.250.186.68,0.24
37,Brenda,Simpson,bsimpson10@disqus.com,Costa Rica,22.190.249.226,-1.17
38,Katherine,Tucker,ktucker11@thetimes.co.uk,Argentina,183.130.175.69,1.14
39,Gerald,Boyd,gboyd12@phpbb.com,China,206.23.8.116,1.13
40,Patrick,Matthews,pmatthews13@ycombinator.com,Russia,253.170.60.213,-0.8
41,Cynthia,Gibson,cgibson14@census.gov,China,1.175.161.204,1.28
42,Joan,Evans,jevans15@sitemeter.com,Indonesia,59.162.243.156,1.14
43,Lori,Jenkins,ljenkins16@a8.net,China,109.52.169.31,-0.66
44,Mary,Stewart,mstewart17@nps.gov,Indonesia,122.242.11.167,-0.04
45,Melissa,Ferguson,mferguson18@samsung.com,Philippines,84.144.213.62,-1.29
46,Harry,Burton,hburton19@gov.uk,Philippines,145.16.25.175,-0.1
47,Joan,Watkins,jwatkins1a@ocn.ne.jp,Indonesia,223.184.125.163,0.69
48,Joyce,Hicks,jhicks1b@furl.net,Serbia,24.47.13.204,-0.56
49,Bonnie,King,bking1c@netlog.com,Indonesia,222.183.250.86,-0.67
50,Terry,Knight,tknight1d@bluehost.com,Brazil,163.31.5.21,1.33
51,Barbara,Schmidt,bschmidt1e@sciencedirect.com,Japan,41.37.197.123,-0.07
52,Patricia,Mendoza,pmendoza1f@liveinternet.ru,China,16.22.105.183,-0.12
53,Richard,Washington,rwashington1g@blogger.com,Russia,9.218.236.81,-2.08
54,Ann,Ray,aray1h@disqus.com,Ukraine,239.111.151.213,2.03
55,Sean,Payne,spayne1i@nature.com,Costa Rica,128.228.81.46,0.48
56,Virginia,Boyd,vboyd1j@sphinn.com,Sweden,66.73.14.98,-0.03
57,Jerry,Cook,jcook1k@ucoz.ru,China,31.184.101.135,2.19
58,Stephanie,Moore,smoore1l@deliciousdays.com,Poland,197.67.78.0,-1.28
59,Scott,Bishop,sbishop1m@toplist.cz,Indonesia,113.57.135.23,1.15
60,Brian,Rice,brice1n@msn.com,Canada,119.129.242.161,-0.97
61,Emily,Foster,efoster1o@discuz.net,Bahrain,234.87.127.17,-0.07
62,Amy,Black,ablack1p@pinterest.com,New Zealand,81.254.26.230,1.79
63,Jerry,Carpenter,jcarpenter1q@soup.io,Philippines,34.57.82.144,-0.39
64,Dorothy,Willis,dwillis1r@edublogs.org,Costa Rica,205.235.127.240,1.53
65,Paula,Flores,pflores1s@sogou.com,Thailand,96.196.87.126,0.43
66,Harold,Rogers,hrogers1t@china.com.cn,Indonesia,90.250.188.71,-0.1
67,Pamela,Welch,pwelch1u@ehow.com,Mali,30.126.165.113,1.9
68,Sandra,Mcdonald,smcdonald1v@google.es,Spain,91.159.225.62,-1.19
69,Wanda,Long,wlong1w@miitbeian.gov.cn,China,87.98.108.93,0.39
70,Paul,Payne,ppayne1x@aboutads.info,China,16.141.77.90,-0.36
71,Ann,Gutierrez,agutierrez1y@salon.com,Indonesia,122.44.132.175,0.48
72,Shirley,Alvarez,salvarez1z@xing.com,Indonesia,61.165.100.226,1.74
73,Kathryn,Gardner,kgardner20@dell.com,Indonesia,6.242.26.8,-0.31
74,Sara,Crawford,scrawford21@sciencedaily.com,China,200.63.139.200,-0.71
75,Frances,Young,fyoung22@ted.com,Tunisia,136.78.229.250,-1.11
76,Lois,Ramirez,lramirez23@wikia.com,Brazil,40.69.207.243,0.4
77,Emily,Murphy,emurphy24@soup.io,United Kingdom,159.13.87.16,-1.18
78,Kathy,Thomas,kthomas25@youtu.be,China,16.99.234.25,-0.39
79,Judy,Medina,jmedina26@dion.ne.jp,Canada,186.126.131.212,-0.39
80,James,Hayes,jhayes27@quantcast.com,Indonesia,130.35.250.180,0.71
81,Beverly,Knight,bknight28@uiuc.edu,Pakistan,254.73.200.93,0.23
82,Sara,Hawkins,shawkins29@europa.eu,Bolivia,99.238.60.197,-0.7
83,Lois,Frazier,lfrazier2a@arizona.edu,China,44.57.215.233,0.66
84,Justin,Bowman,jbowman2b@google.es,Indonesia,207.233.242.150,0.62
85,Doris,Perry,dperry2c@odnoklassniki.ru,China,179.198.183.120,0.86
86,Doris,Kelley,dkelley2d@nature.com,Bangladesh,211.96.126.208,-1.56
87,Lillian,Price,lprice2e@samsung.com,Peru,99.228.153.182,-0.39
88,Phillip,Fox,pfox2f@macromedia.com,Cyprus,80.222.37.214,-0.49
89,Brian,Young,byoung2g@privacy.gov.au,Greece,234.165.19.230,0.7
90,Nicholas,Rose,nrose2h@spiegel.de,China,131.240.56.217,-0.64
91,Diana,Montgomery,dmontgomery2i@moonfruit.com,Philippines,215.161.90.20,-1.37
92,Joyce,Hayes,jhayes2j@digg.com,China,98.233.7.169,0.34
93,Patricia,Watson,pwatson2k@studiopress.com,Azerbaijan,226.36.121.102,0.55
94,Harry,Oliver,holiver2l@free.fr,Egypt,156.155.167.79,-0.82
95,Jonathan,Edwards,jedwards2m@shinystat.com,France,117.47.238.127,-0.69
96,Joan,Fernandez,jfernandez2n@amazon.de,Saudi Arabia,150.246.162.220,0.57
97,Chris,Hamilton,chamilton2o@nytimes.com,China,61.93.28.169,-0.26
98,Susan,Lee,slee2p@blinklist.com,Indonesia,230.10.45.56,-0.27
99,Billy,Hudson,bhudson2q@slashdot.org,Myanmar,6.99.15.60,0.72
100,Gary,Garza,ggarza2r@feedburner.com,Finland,86.114.187.188,-2.15
101,Chris,Hicks,chicks2s@bloglines.com,Argentina,116.83.141.134,1.56
102,Matthew,Young,myoung2t@ask.com,Philippines,50.17.77.140,-0.66
103,Douglas,Coleman,dcoleman2u@naver.com,China,220.53.201.239,-0.56
104,Russell,Elliott,relliott2v@dyndns.org,China,239.202.31.39,-0.33
105,Mildred,Lopez,mlopez2w@cdc.gov,United States,190.88.202.147,-0.57
106,Margaret,Larson,mlarson2x@histats.com,Colombia,51.189.32.175,-0.85
107,Raymond,Stephens,rstephens2y@sohu.com,China,49.220.178.183,-0.64
108,Karen,Reynolds,kreynolds2z@marriott.com,Vietnam,160.244.151.219,-1.52
109,Nicholas,Garcia,ngarcia30@unc.edu,Syria,151.203.97.4,-0.12
110,Dorothy,Washington,dwashington31@fotki.com,Spain,163.174.250.67,-1.94
111,Andrew,Gordon,agordon32@slashdot.org,Brazil,2.39.168.145,-0.36
112,Carl,Hughes,chughes33@umich.edu,Poland,101.163.87.34,0.33
113,Jane,Lewis,jlewis34@hao123.com,Ukraine,155.226.234.4,-0.66
114,Joan,Wilson,jwilson35@hexun.com,Peru,72.218.93.151,0.46
115,Lillian,Stewart,lstewart36@msn.com,Russia,107.153.6.60,-0.06
116,Emily,Watson,ewatson37@homestead.com,China,109.97.146.194,-0.17
117,Helen,Coleman,hcoleman38@yellowbook.com,Sweden,28.59.70.175,0.67
118,Richard,Frazier,rfrazier39@liveinternet.ru,Iran,205.241.180.66,1.59
119,Anna,Knight,aknight3a@theguardian.com,Poland,131.10.157.30,-0.35
120,Jason,Burton,jburton3b@sina.com.cn,Kazakhstan,140.93.166.123,1.02
121,Phyllis,Stewart,pstewart3c@digg.com,China,35.206.202.201,-0.92
122,Steven,Butler,sbutler3d@pagesperso-orange.fr,Croatia,88.99.147.4,-0.17
123,Kathryn,Nichols,knichols3e@domainmarket.com,China,108.186.182.17,-0.15
124,Melissa,Torres,mtorres3f@sakura.ne.jp,Peru,211.117.9.45,-1.25
125,Joseph,Ford,jford3g@ftc.gov,Philippines,147.217.92.37,-0.6
126,Robert,Sullivan,rsullivan3h@reverbnation.com,Philippines,52.45.140.89,1.8
127,Diana,Dixon,ddixon3i@i2i.jp,China,66.185.45.43,0.42
128,Jerry,Murray,jmurray3j@salon.com,Ecuador,56.132.124.114,-0.83
129,Maria,Johnson,mjohnson3k@buzzfeed.com,Philippines,104.58.102.199,-1.61
130,Carl,Hunter,chunter3l@cdc.gov,Indonesia,21.254.145.25,1.11
131,Diane,Myers,dmyers3m@ted.com,China,239.143.99.45,-2.62
132,Angela,Owens,aowens3n@issuu.com,Russia,16.105.144.183,0.55
133,Kevin,Alvarez,kalvarez3o@who.int,Poland,87.245.68.235,1.93
134,Dorothy,Rogers,drogers3p@smh.com.au,Peru,160.171.100.6,-0.22
135,Rose,Ward,rward3q@ftc.gov,Indonesia,123.219.89.134,-0.26
136,Peter,Ward,pward3r@wikipedia.org,Portugal,253.127.167.181,-0.76
137,Ruth,Jordan,rjordan3s@w3.org,China,163.103.167.131,0.19
138,Jeffrey,Hansen,jhansen3t@diigo.com,United Kingdom,39.103.196.234,0.98
139,Steve,Kelley,skelley3u@independent.co.uk,Turkmenistan,222.14.4.45,-0.87
140,Katherine,Carter,kcarter3v@dyndns.org,Sweden,105.209.218.11,0.17
141,Juan,Dean,jdean3w@constantcontact.com,Philippines,52.218.153.116,0.69
142,Diane,Nichols,dnichols3x@npr.org,Indonesia,156.170.233.190,0.14
143,Lillian,Watson,lwatson3y@cafepress.com,Saint Lucia,136.78.146.19,1.61
144,Eugene,Walker,ewalker3z@qq.com,Haiti,89.139.126.113,-0.57
145,Harold,Riley,hriley40@sourceforge.net,Indonesia,39.196.230.113,0.47
146,Terry,Hughes,thughes41@redcross.org,Russia,149.246.159.174,1.42
147,Anne,Baker,abaker42@slate.com,Russia,241.241.125.123,-0.49
148,Phillip,Perez,pperez43@umn.edu,France,127.34.122.158,-1.17
149,Joe,Hunter,jhunter44@go.com,Macedonia,130.205.228.192,1.85
150,Irene,Reyes,ireyes45@census.gov,Sweden,222.99.122.214,-0.91
151,Andrew,Baker,abaker46@soundcloud.com,Portugal,238.116.213.174,0.16
152,Teresa,Mills,tmills47@taobao.com,Brazil,112.145.127.21,-1.26
153,Heather,Carpenter,hcarpenter48@photobucket.com,Brazil,242.141.111.78,0.22
154,Lawrence,Jones,ljones49@nymag.com,China,102.49.108.113,-1.04
155,Sarah,Chapman,schapman4a@mapy.cz,China,131.215.160.57,1.41
156,Nancy,Rice,nrice4b@taobao.com,China,240.147.70.180,0.78
157,Elizabeth,Banks,ebanks4c@ning.com,Thailand,105.118.50.153,0.7
158,Randy,Robertson,rrobertson4d@springer.com,China,29.237.246.38,0.24
159,Frank,Ramirez,framirez4e@berkeley.edu,France,8.12.135.99,0.38
160,Robert,Gibson,rgibson4f@census.gov,Sweden,115.22.250.240,-0.03
161,Laura,Hughes,lhughes4g@kickstarter.com,China,137.33.236.173,-2.26
162,Theresa,Fowler,tfowler4h@w3.org,Brazil,24.190.112.20,1.37
163,Cheryl,Ray,cray4i@nytimes.com,Sweden,10.19.240.224,-1.45
164,Larry,Schmidt,lschmidt4j@canalblog.com,Indonesia,165.163.163.99,-0.05
165,Karen,Freeman,kfreeman4k@columbia.edu,Thailand,171.214.41.60,2.24
166,Stephanie,Henry,shenry4l@thetimes.co.uk,Russia,138.214.18.59,-0.43
167,Janet,Boyd,jboyd4m@nydailynews.com,Sweden,95.128.128.229,0.39
168,Heather,Carpenter,hcarpenter4n@parallels.com,Poland,155.21.86.42,-1.69
169,Charles,West,cwest4o@archive.org,Zambia,100.187.204.226,0.05
170,Raymond,Matthews,rmatthews4p@imgur.com,China,195.154.126.12,-1.23
171,Wanda,Gonzalez,wgonzalez4q@google.es,Argentina,31.186.81.186,0.49
172,Andrea,Stanley,astanley4r@independent.co.uk,China,252.65.162.98,0.65
173,Carol,Henry,chenry4s@fc2.com,China,2.132.242.116,-0.17
174,Ruby,Henderson,rhenderson4t@blogger.com,Indonesia,150.168.87.114,-0.57
175,Andrew,Baker,abaker4u@howstuffworks.com,Brazil,122.244.60.211,0.66
176,Howard,Simpson,hsimpson4v@unblog.fr,Indonesia,106.112.115.10,0.06
177,Diana,Bell,dbell4w@prnewswire.com,Russia,131.214.186.242,0.47
178,Steve,Stewart,sstewart4x@hao123.com,Finland,10.47.21.219,-0.36
179,Patrick,Scott,pscott4y@dot.gov,China,242.107.177.194,-0.73
180,Louise,Gibson,lgibson4z@tripadvisor.com,Vietnam,237.250.247.221,1.38
181,Frances,Olson,folson50@naver.com,Indonesia,44.190.197.78,-0.38
182,Anne,Carr,acarr51@washington.edu,Canada,202.95.15.108,1.66
183,Billy,Woods,bwoods52@nymag.com,Portugal,58.213.170.233,-0.88
184,Jerry,Griffin,jgriffin53@va.gov,Denmark,173.112.208.185,0.39
185,Nicholas,Flores,nflores54@arstechnica.com,Argentina,104.0.166.204,-0.88
186,Frank,Richards,frichards55@loc.gov,China,90.187.181.74,-0.06
187,Steve,Rice,srice56@elegantthemes.com,South Africa,46.238.201.84,0.42
188,Ann,Romero,aromero57@altervista.org,Yemen,132.231.147.246,0.51
189,Phillip,Smith,psmith58@noaa.gov,China,245.141.249.77,2.16
190,Michael,Graham,mgraham59@army.mil,Philippines,130.252.132.213,-0.6
191,Catherine,Gibson,cgibson5a@va.gov,China,197.50.118.209,-0.51
192,Angela,Shaw,ashaw5b@qq.com,Ukraine,108.246.236.246,0.55
193,Teresa,Ramos,tramos5c@slideshare.net,Afghanistan,100.95.223.143,-0.53
194,Michelle,Romero,mromero5d@prweb.com,Colombia,33.123.173.226,0.11
195,Karen,Turner,kturner5e@sciencedirect.com,United States,201.53.60.133,1.04
196,Cheryl,Mitchell,cmitchell5f@vk.com,Argentina,68.101.249.219,-0.23
197,Louis,Rice,lrice5g@ca.gov,Serbia,19.140.72.120,1.01
198,Earl,Welch,ewelch5h@columbia.edu,France,252.29.195.99,-2.4
199,Ruth,Griffin,rgriffin5i@ftc.gov,Indonesia,250.226.185.96,-0.06
200,Carol,Shaw,cshaw5j@edublogs.org,New Zealand,234.54.211.178,0.46
201,Gary,Sanders,gsanders5k@usda.gov,Armenia,177.122.124.2,0.7
202,Sarah,Anderson,sanderson5l@creativecommons.org,Indonesia,82.233.183.215,-0.77
203,Janet,Harris,jharris5m@google.de,Latvia,194.102.150.93,-1.38
204,Lori,Hicks,lhicks5n@reuters.com,Sweden,99.231.197.196,-1.72
205,Raymond,Stanley,rstanley5o@bandcamp.com,China,198.176.209.249,0.07
206,Amy,Ray,aray5p@springer.com,Indonesia,225.93.84.174,0.33
207,Joan,Mendoza,jmendoza5q@nbcnews.com,China,192.77.248.181,0.9
208,Mary,Gonzalez,mgonzalez5r@redcross.org,Indonesia,155.100.204.129,-1.36
209,Helen,Kennedy,hkennedy5s@fda.gov,Indonesia,164.89.237.82,0.01
210,Jennifer,Jenkins,jjenkins5t@infoseek.co.jp,Egypt,159.54.135.223,1.24
211,Thomas,Baker,tbaker5u@elpais.com,Indonesia,193.52.209.114,0.46
212,Louis,Garrett,lgarrett5v@godaddy.com,Indonesia,56.177.168.239,0.59
213,Alan,Sims,asims5w@linkedin.com,Brazil,31.253.117.164,-0.17
214,Jesse,Stephens,jstephens5x@amazon.co.jp,Brazil,103.189.13.141,-0.21
215,Eric,Ferguson,eferguson5y@skype.com,Indonesia,3.156.10.246,0.69
216,Gloria,Gardner,ggardner5z@jalbum.net,Philippines,201.232.154.18,0.42
217,Diane,Reyes,dreyes60@slashdot.org,Indonesia,85.210.233.138,-0.9
218,Amanda,Garza,agarza61@creativecommons.org,Czech Republic,180.39.141.139,-0.95
219,Evelyn,Matthews,ematthews62@sciencedaily.com,Nigeria,238.60.150.90,0.05
220,Roger,Washington,rwashington63@liveinternet.ru,China,46.11.45.76,1.85
221,Kelly,Sanders,ksanders64@jiathis.com,China,163.96.161.169,-1.96
222,Henry,Lawrence,hlawrence65@jiathis.com,Kenya,176.12.75.54,0.65
223,Alice,Ellis,aellis66@walmart.com,Indonesia,127.223.234.13,-0.71
224,James,Boyd,jboyd67@mysql.com,Indonesia,208.41.220.144,-0.04
225,Janice,Lawson,jlawson68@privacy.gov.au,Indonesia,13.227.171.118,-2.13
226,Matthew,Freeman,mfreeman69@biblegateway.com,Poland,112.79.164.26,0.92
227,Amanda,Hunter,ahunter6a@themeforest.net,Sweden,1.186.242.222,-0.21
228,Tina,Cox,tcox6b@ebay.com,China,25.34.51.60,0.23
229,Helen,Watkins,hwatkins6c@joomla.org,Trinidad and Tobago,206.254.195.61,-0.53
230,Evelyn,Nelson,enelson6d@mapy.cz,Indonesia,235.167.125.209,-1.07
231,Melissa,Ford,mford6e@topsy.com,Uzbekistan,72.59.249.110,-0.79
232,Aaron,Robinson,arobinson6f@ebay.com,Hungary,175.164.178.226,1.29
233,Peter,Stewart,pstewart6g@histats.com,Japan,15.166.43.102,-0.87
234,Willie,Alexander,walexander6h@opensource.org,China,208.176.199.83,-0.35
235,Doris,Palmer,dpalmer6i@gmpg.org,China,73.212.109.140,-0.87
236,Todd,George,tgeorge6j@ft.com,Philippines,143.247.243.1,1.88
237,Shawn,Morgan,smorgan6k@alibaba.com,Mexico,26.145.188.197,1.06
238,Ashley,Jacobs,ajacobs6l@wikispaces.com,Bolivia,202.232.22.118,1.86
239,Eugene,Ross,eross6m@cocolog-nifty.com,Poland,119.58.211.123,0.95
240,Joan,Carr,jcarr6n@g.co,Vietnam,132.19.124.5,0.6
241,Roger,Cox,rcox6o@ezinearticles.com,Serbia,15.142.76.188,-0.54
242,Helen,Baker,hbaker6p@hud.gov,Ukraine,176.57.10.71,0.21
243,Harry,Gordon,hgordon6q@wsj.com,Bosnia and Herzegovina,50.153.141.93,-0.21
244,Sara,Green,sgreen6r@bluehost.com,China,59.103.78.246,-0.01
245,Aaron,Turner,aturner6s@unesco.org,Russia,10.190.69.101,-1.22
246,Carlos,Fowler,cfowler6t@kickstarter.com,Japan,205.96.184.191,1.23
247,Denise,Bailey,dbailey6u@yellowbook.com,Nigeria,136.138.163.124,0.02
248,Rachel,Allen,rallen6v@cloudflare.com,Malaysia,214.53.205.79,-0.46
249,Anna,Matthews,amatthews6w@chronoengine.com,China,101.202.222.226,0.24
250,Eric,Adams,eadams6x@naver.com,China,196.234.60.194,1.22
251,Fred,Welch,fwelch6y@wsj.com,Cambodia,171.210.48.13,0.95
252,Ruby,Schmidt,rschmidt6z@upenn.edu,China,152.17.45.184,-0.59
253,Philip,Martinez,pmartinez70@spiegel.de,China,19.36.88.217,1.61
254,Eric,Myers,emyers71@unicef.org,Japan,206.56.221.156,-0.4
255,Anna,Mendoza,amendoza72@unicef.org,China,117.157.56.109,0.41
256,Jonathan,Cruz,jcruz73@blogtalkradio.com,United States,170.29.72.18,1.51
257,Patricia,Ryan,pryan74@discovery.com,Switzerland,156.190.242.62,-0.01
258,Shirley,Parker,sparker75@shinystat.com,Ukraine,170.115.80.15,-1.22
259,Antonio,Boyd,aboyd76@google.ca,Russia,188.239.251.181,1.02
260,Janet,Garrett,jgarrett77@arstechnica.com,Poland,17.67.100.212,-1.58
261,Carol,Parker,cparker78@drupal.org,Argentina,196.105.82.25,-0.1
262,Joshua,Wilson,jwilson79@istockphoto.com,Bulgaria,69.79.217.59,1.43
263,Stephen,Anderson,sanderson7a@arizona.edu,Indonesia,42.120.199.158,-1.66
264,Samuel,Simpson,ssimpson7b@unicef.org,Spain,19.123.223.37,0.52
265,Ronald,West,rwest7c@spotify.com,Sweden,0.163.143.188,-0.45
266,Nicole,Medina,nmedina7d@cnn.com,Canada,162.11.89.59,0.26
267,Steven,Dixon,sdixon7e@list-manage.com,Peru,74.29.134.154,-0.65
268,Beverly,Johnson,bjohnson7f@europa.eu,Poland,182.255.142.23,1.3
269,Stephanie,Hudson,shudson7g@pcworld.com,Portugal,93.39.161.142,0.63
270,Annie,Rodriguez,arodriguez7h@ezinearticles.com,Indonesia,37.185.159.211,0.06
271,Daniel,Bradley,dbradley7i@examiner.com,United States,183.245.235.228,-0.75
272,Aaron,Chavez,achavez7j@mysql.com,China,253.236.127.160,-1.07
273,Richard,Gardner,rgardner7k@360.cn,Czech Republic,56.58.228.61,0.12
274,Amy,Ferguson,aferguson7l@mozilla.com,United States,52.180.127.234,0.82
275,Irene,Barnes,ibarnes7m@princeton.edu,Russia,52.94.179.115,1.67
276,Kenneth,Price,kprice7n@newyorker.com,Palau,186.34.99.152,1.13
277,Robin,Ruiz,rruiz7o@angelfire.com,Nepal,79.234.68.41,0.04
278,Amanda,Hudson,ahudson7p@google.cn,Indonesia,221.252.183.101,0.06
279,Gerald,Sanders,gsanders7q@instagram.com,Indonesia,245.140.80.33,-0.13
280,Ryan,Bishop,rbishop7r@wikispaces.com,China,192.84.147.95,-0.05
281,Joshua,Duncan,jduncan7s@china.com.cn,Finland,255.231.150.2,-0.55
282,Frances,Austin,faustin7t@pinterest.com,China,116.146.23.125,-0.9
283,Stephen,Phillips,sphillips7u@last.fm,Greece,99.96.19.45,-0.01
284,Louis,Romero,lromero7v@thetimes.co.uk,China,193.199.178.223,1.21
285,Rose,Anderson,randerson7w@tinyurl.com,Poland,205.113.65.47,-1.6
286,Bruce,Hughes,bhughes7x@macromedia.com,Kyrgyzstan,21.50.31.147,-1.37
287,Roy,Johnson,rjohnson7y@baidu.com,Japan,125.211.44.207,0.09
288,Shirley,Kim,skim7z@cisco.com,Brazil,180.21.133.140,-1.1
289,Edward,Montgomery,emontgomery80@rambler.ru,Russia,230.9.146.151,-0.11
290,Linda,Boyd,lboyd81@canalblog.com,China,77.155.100.113,1.48
291,Bonnie,Owens,bowens82@constantcontact.com,Norway,127.226.124.91,0.29
292,Rebecca,Sanchez,rsanchez83@cdbaby.com,Argentina,20.218.198.66,-1.23
293,Harry,Hicks,hhicks84@networksolutions.com,Russia,197.115.159.128,1.21
294,Rebecca,Brown,rbrown85@jimdo.com,Brazil,213.2.240.93,1.75
295,Denise,Welch,dwelch86@liveinternet.ru,Sweden,225.178.100.35,1.65
296,Susan,Carter,scarter87@dailymail.co.uk,Czech Republic,241.123.1.108,1.05
297,Shirley,Long,slong88@blog.com,Ecuador,255.22.40.138,1.24
298,Sara,Kim,skim89@state.tx.us,Venezuela,153.207.158.150,-1.04
299,Eric,Hansen,ehansen8a@umn.edu,Indonesia,249.192.239.96,0.23
300,Marie,Franklin,mfranklin8b@oracle.com,China,59.172.197.10,1.28
301,Ralph,Carter,rcarter8c@joomla.org,China,184.55.89.99,1.36
302,Antonio,Mason,amason8d@dailymotion.com,China,90.119.244.243,-2.86
303,Bonnie,Evans,bevans8e@tinyurl.com,Sweden,126.243.211.151,0.49
304,Jason,Peters,jpeters8f@multiply.com,Indonesia,75.95.156.234,-0.53
305,Patrick,Mitchell,pmitchell8g@yelp.com,China,105.125.154.4,-1.03
306,Lawrence,Hawkins,lhawkins8h@jigsy.com,Poland,84.160.130.85,1.12
307,Sharon,Thomas,sthomas8i@senate.gov,Kazakhstan,126.171.130.156,-1.2
308,Ernest,Garza,egarza8j@whitehouse.gov,Bangladesh,68.155.153.143,0.34
309,Carol,Carr,ccarr8k@usgs.gov,Pakistan,151.87.7.45,-1.16
310,Alan,Porter,aporter8l@mozilla.org,Pakistan,94.194.57.172,-0.38
311,Chris,Berry,cberry8m@bravesites.com,Senegal,26.34.175.62,0.1
312,Deborah,Johnston,djohnston8n@tinypic.com,China,197.134.30.198,-0.84
313,Gerald,Wagner,gwagner8o@histats.com,China,103.237.31.40,-0.68
314,Donald,Chapman,dchapman8p@pen.io,Indonesia,75.102.62.117,-0.67
315,Louis,Brown,lbrown8q@parallels.com,Sri Lanka,36.143.52.51,0.58
316,Catherine,Snyder,csnyder8r@patch.com,Indonesia,249.94.138.80,0.09
317,Cheryl,Young,cyoung8s@eepurl.com,Portugal,37.158.230.219,0.39
318,Billy,Reyes,breyes8t@yahoo.co.jp,Brazil,67.255.48.202,-1.03
319,Joseph,Meyer,jmeyer8u@go.com,South Africa,22.140.252.96,1.16
320,Harold,Carter,hcarter8v@seattletimes.com,China,185.88.59.94,1.4
321,Eric,Gonzalez,egonzalez8w@surveymonkey.com,Honduras,121.170.129.200,-0.35
322,Kathy,Wright,kwright8x@xinhuanet.com,Philippines,105.81.181.113,-0.27
323,Amy,Hall,ahall8y@bizjournals.com,Thailand,55.194.138.35,-0.98
324,Mark,Peters,mpeters8z@paypal.com,China,156.2.53.144,-0.96
325,Richard,Baker,rbaker90@cbsnews.com,Sweden,82.236.130.124,0.33
326,Carolyn,Cooper,ccooper91@kickstarter.com,Philippines,169.115.86.53,-1.39
327,Phillip,Burton,pburton92@blogtalkradio.com,Indonesia,206.100.218.210,-0.25
328,Andrew,Wallace,awallace93@spiegel.de,Argentina,85.56.183.185,-1.33
329,Paul,Gomez,pgomez94@mlb.com,China,208.126.187.196,0.95
330,Angela,Holmes,aholmes95@techcrunch.com,Japan,140.4.245.206,-0.13
331,Scott,Hughes,shughes96@blogspot.com,France,38.146.219.30,0.14
332,Jack,Russell,jrussell97@youtu.be,Indonesia,31.228.254.244,0.06
333,Lisa,Grant,lgrant98@themeforest.net,Ukraine,207.162.27.21,-0.13
334,Eric,Duncan,eduncan99@statcounter.com,Portugal,225.238.179.225,-1.12
335,Paula,West,pwest9a@vk.com,Czech Republic,130.92.22.238,-1.05
336,Lawrence,Bowman,lbowman9b@goo.gl,Czech Republic,169.5.211.196,-0.66
337,Rebecca,Cook,rcook9c@ehow.com,Croatia,95.1.225.237,-1.08
338,Angela,Shaw,ashaw9d@linkedin.com,Colombia,10.87.91.23,-0.99
339,David,Ross,dross9e@godaddy.com,Canada,164.149.10.243,-1.25
340,Evelyn,Russell,erussell9f@dailymail.co.uk,Bulgaria,240.247.39.15,-0.61
341,Julie,West,jwest9g@toplist.cz,China,185.174.33.234,0.55
342,James,Stephens,jstephens9h@sina.com.cn,Colombia,158.39.0.79,-0.4
343,Albert,Welch,awelch9i@who.int,Saudi Arabia,33.100.30.105,0.29
344,Adam,Ruiz,aruiz9j@flickr.com,Russia,57.169.127.144,0.99
345,Bruce,Shaw,bshaw9k@digg.com,South Africa,242.231.240.200,-1.31
346,Clarence,Rivera,crivera9l@utexas.edu,Brazil,131.240.125.246,0.21
347,Arthur,Tucker,atucker9m@google.com.hk,Paraguay,185.243.78.221,0.45
348,Mildred,Cox,mcox9n@netscape.com,Indonesia,145.204.249.81,-0.02
349,Gerald,Foster,gfoster9o@opensource.org,China,153.5.173.85,0.06
350,Brian,Alexander,balexander9p@toplist.cz,Bosnia and Herzegovina,124.159.226.55,1.71
351,Cheryl,Johnson,cjohnson9q@xing.com,Indonesia,74.202.43.137,0.88
352,Stephanie,Peters,speters9r@cisco.com,Saint Vincent and the Grenadines,221.24.45.61,0.91
353,Julie,Morgan,jmorgan9s@cpanel.net,Palestinian Territory,240.160.33.45,-0.81
354,Jonathan,Carpenter,jcarpenter9t@symantec.com,Czech Republic,172.173.149.146,0.17
355,Evelyn,Howell,ehowell9u@so-net.ne.jp,China,244.187.12.213,-0.19
356,Ann,Black,ablack9v@ucoz.com,Nepal,150.62.182.254,0.42
357,Richard,Freeman,rfreeman9w@weebly.com,China,201.107.182.4,1.27
358,Sean,Schmidt,sschmidt9x@sitemeter.com,Albania,8.133.135.154,0.21
359,Donald,Richards,drichards9y@nba.com,Kyrgyzstan,138.88.68.130,0.27
360,Gerald,Sanchez,gsanchez9z@nasa.gov,Thailand,127.96.8.6,0.55
361,Emily,Payne,epaynea0@elpais.com,Thailand,35.87.254.134,0.86
362,Melissa,Gordon,mgordona1@blogger.com,China,127.125.6.78,0.77
363,Denise,Murphy,dmurphya2@arizona.edu,China,229.108.51.191,-2.52
364,Diane,Armstrong,darmstronga3@amazonaws.com,China,183.187.73.99,-0.13
365,Scott,Chapman,schapmana4@opera.com,Indonesia,195.73.119.69,-2.52
366,Patrick,Scott,pscotta5@edublogs.org,Poland,246.144.134.138,-0.46
367,Randy,Andrews,randrewsa6@reverbnation.com,China,79.5.19.74,-0.61
368,Carl,Cox,ccoxa7@tmall.com,Ukraine,34.156.179.209,-1.11
369,Russell,Shaw,rshawa8@independent.co.uk,Mexico,249.154.216.238,-1.04
370,Lawrence,Ramos,lramosa9@java.com,Japan,69.37.58.46,0.55
371,Catherine,Ortiz,cortizaa@biglobe.ne.jp,Belarus,54.146.24.150,-0.23
372,Annie,Franklin,afranklinab@canalblog.com,Indonesia,13.153.136.166,-0.71
373,Gregory,Clark,gclarkac@amazon.com,China,80.12.12.125,1.43
374,Joshua,Hanson,jhansonad@eventbrite.com,Venezuela,105.72.17.80,1.05
375,Amanda,Crawford,acrawfordae@google.ca,Bosnia and Herzegovina,250.251.116.253,-0.66
376,Elizabeth,Schmidt,eschmidtaf@woothemes.com,Pakistan,5.200.41.229,0.1
377,Judith,Willis,jwillisag@twitter.com,China,55.0.255.217,-0.02
378,Jean,Spencer,jspencerah@geocities.com,Colombia,219.105.8.167,-1.72
379,Jonathan,George,jgeorgeai@macromedia.com,China,135.206.249.194,-0.31
380,Dennis,Bryant,dbryantaj@soundcloud.com,Russia,41.171.168.188,0.65
381,Jimmy,Kelley,jkelleyak@mediafire.com,Indonesia,175.70.80.180,2.1
382,Earl,Reed,ereedal@umich.edu,Brazil,221.251.192.145,0.64
383,Raymond,Bennett,rbennettam@goo.gl,Sweden,129.183.189.239,1.61
384,Jeremy,Ramos,jramosan@youtube.com,Russia,148.4.221.60,0.88
385,Betty,Romero,bromeroao@comcast.net,China,137.174.231.28,-0.63
386,Anne,Richards,arichardsap@cam.ac.uk,Ukraine,215.106.185.107,0.14
387,Dennis,Dean,ddeanaq@exblog.jp,Thailand,51.84.30.219,-0.46
388,Kathryn,Day,kdayar@liveinternet.ru,Greece,35.7.200.106,-0.34
389,Katherine,Miller,kmilleras@privacy.gov.au,China,182.122.30.229,-1.69
390,Alice,Baker,abakerat@parallels.com,Pakistan,79.116.177.57,-0.59
391,Deborah,Medina,dmedinaau@marriott.com,China,252.98.143.2,-0.41
392,Jose,Reed,jreedav@dmoz.org,Sweden,199.211.176.74,-0.8
393,Stephen,Price,spriceaw@noaa.gov,China,173.9.105.9,-1.85
394,Angela,Evans,aevansax@imgur.com,Somalia,178.35.140.28,0.41
395,Barbara,Woods,bwoodsay@ihg.com,United States,98.144.217.49,0.59
396,Randy,Rice,rriceaz@cafepress.com,Austria,94.33.42.39,-1.15
397,Marie,Miller,mmillerb0@gravatar.com,Finland,166.211.167.86,0.17
398,Diane,Wilson,dwilsonb1@dell.com,China,83.86.35.170,-0.67
399,Larry,Taylor,ltaylorb2@goo.ne.jp,Poland,21.182.117.102,2.43
400,Maria,Lee,mleeb3@seattletimes.com,Indonesia,77.211.31.202,-1.52
401,Gerald,Payne,gpayneb4@spiegel.de,Philippines,68.117.180.255,-1.26
402,Thomas,Gonzales,tgonzalesb5@yale.edu,Indonesia,89.180.187.224,-1.73
403,Gerald,Cooper,gcooperb6@va.gov,China,32.173.9.202,0.55
404,Carolyn,Stevens,cstevensb7@addthis.com,United States,96.253.125.143,-0.93
405,Angela,Lawson,alawsonb8@biglobe.ne.jp,Indonesia,151.127.157.209,0.63
406,Victor,Cooper,vcooperb9@cpanel.net,Venezuela,10.58.31.241,0.09
407,Daniel,Fuller,dfullerba@vkontakte.ru,Indonesia,3.206.122.94,0.12
408,Ruby,Harrison,rharrisonbb@hostgator.com,Indonesia,180.77.38.203,-0.71
409,Patricia,Cruz,pcruzbc@seesaa.net,North Korea,93.217.221.168,-2.3
410,Kathryn,Fisher,kfisherbd@google.com.hk,China,99.11.45.160,-1.19
411,Bobby,Carpenter,bcarpenterbe@google.com,Indonesia,115.198.225.205,1.12
412,Wanda,Hunter,whunterbf@slate.com,Indonesia,211.222.80.245,-0.76
413,Catherine,Daniels,cdanielsbg@discovery.com,Ethiopia,82.209.24.87,-1.18
414,Shirley,George,sgeorgebh@usatoday.com,Indonesia,160.44.30.136,0.11
415,Linda,Porter,lporterbi@cocolog-nifty.com,Philippines,157.131.128.81,1.91
416,Bonnie,Lee,bleebj@skype.com,Indonesia,107.41.160.152,2.26
417,Andrew,Garrett,agarrettbk@vistaprint.com,Poland,245.236.132.158,0.59
418,Melissa,Nguyen,mnguyenbl@usda.gov,Tunisia,239.67.49.137,-0.64
419,Anne,Burns,aburnsbm@nasa.gov,Nigeria,76.129.97.234,0.1
420,Joan,Kennedy,jkennedybn@arizona.edu,United States,72.60.170.229,-0.52
421,Julia,Payne,jpaynebo@furl.net,Philippines,50.109.47.162,-1.03
422,Johnny,Rice,jricebp@go.com,Senegal,86.56.17.45,0.91
423,Clarence,Reyes,creyesbq@vistaprint.com,Indonesia,212.255.143.7,1.06
424,Kathryn,Kelly,kkellybr@google.cn,Colombia,132.102.117.45,0.27
425,Carlos,Jones,cjonesbs@nsw.gov.au,Thailand,171.74.253.82,-1.05
426,Todd,Romero,tromerobt@examiner.com,China,10.134.61.83,-1.03
427,Christine,Scott,cscottbu@netlog.com,Thailand,53.191.52.228,1.0
428,Philip,Watson,pwatsonbv@zimbio.com,China,206.241.221.170,-0.23
429,Elizabeth,Peterson,epetersonbw@cdbaby.com,Canada,255.13.4.84,0.22
430,Kathleen,Rogers,krogersbx@boston.com,Finland,11.223.87.18,0.74
431,Denise,Griffin,dgriffinby@themeforest.net,Indonesia,42.140.123.162,-1.89
432,Virginia,Ward,vwardbz@privacy.gov.au,China,37.152.77.163,-0.11
433,Keith,Holmes,kholmesc0@github.com,Russia,244.43.97.196,-0.33
434,Louis,Washington,lwashingtonc1@mit.edu,Peru,158.101.42.78,-1.63
435,Robin,Stone,rstonec2@gizmodo.com,China,139.83.74.34,0.85
436,Phillip,Long,plongc3@myspace.com,Kenya,81.127.177.232,1.16
437,Eric,Carter,ecarterc4@va.gov,China,27.202.113.81,-1.64
438,Ashley,Duncan,aduncanc5@spiegel.de,Indonesia,212.226.49.43,-1.46
439,Arthur,Jackson,ajacksonc6@bloomberg.com,South Korea,141.12.30.82,-1.19
440,Karen,Murray,kmurrayc7@macromedia.com,China,208.102.8.130,-0.63
441,Sara,Hanson,shansonc8@prweb.com,France,85.121.224.60,0.94
442,Todd,Cole,tcolec9@fotki.com,China,110.67.123.90,2.4
443,Wayne,Sanders,wsandersca@webmd.com,Russia,15.132.74.144,-1.29
444,Shawn,Henry,shenrycb@npr.org,Brazil,133.104.100.159,0.42
445,Denise,Elliott,delliottcc@gizmodo.com,Greece,45.162.120.8,-0.99
446,Deborah,Ruiz,druizcd@com.com,Greece,89.87.17.165,2.48
447,Louis,Mccoy,lmccoyce@biglobe.ne.jp,Tanzania,99.46.94.213,-0.28
448,James,Taylor,jtaylorcf@techcrunch.com,Indonesia,234.90.242.241,0.7
449,Betty,Lee,bleecg@slashdot.org,Philippines,23.38.145.59,1.23
450,Barbara,Gibson,bgibsonch@qq.com,Philippines,83.48.124.44,0.07
451,Joshua,King,jkingci@pbs.org,Egypt,12.198.219.16,-0.88
452,Jerry,Diaz,jdiazcj@theatlantic.com,Philippines,115.208.4.52,-0.06
453,Kevin,Peters,kpetersck@engadget.com,Nigeria,108.28.32.168,-0.12
454,Douglas,Allen,dallencl@rakuten.co.jp,China,160.23.239.243,-0.21
455,Kenneth,Hicks,khickscm@cmu.edu,Russia,248.200.214.61,-0.77
456,Benjamin,Greene,bgreenecn@hud.gov,Malaysia,198.127.93.73,-0.43
457,Jose,Morrison,jmorrisonco@jigsy.com,China,211.84.245.143,1.69
458,Harold,Willis,hwilliscp@fema.gov,Bangladesh,10.59.133.9,0.5
459,Michelle,Woods,mwoodscq@360.cn,Russia,213.25.38.14,2.24
460,Albert,Austin,aaustincr@nyu.edu,Ecuador,189.149.216.230,0.26
461,Larry,Freeman,lfreemancs@youku.com,Brazil,44.185.38.38,-0.55
462,Earl,Kelley,ekelleyct@springer.com,France,95.123.161.190,-1.95
463,Ruby,Ferguson,rfergusoncu@economist.com,China,11.233.56.252,-0.57
464,Annie,Ruiz,aruizcv@w3.org,Brazil,172.12.0.91,-1.68
465,Richard,Schmidt,rschmidtcw@tumblr.com,United States,2.190.49.18,0.16
466,Frank,Harvey,fharveycx@nationalgeographic.com,Nigeria,12.5.147.204,-0.39
467,Paula,Perez,pperezcy@networkadvertising.org,Poland,96.174.160.210,1.23
468,Jesse,Harrison,jharrisoncz@feedburner.com,China,221.140.113.38,1.13
469,Carlos,Hughes,chughesd0@msu.edu,China,103.170.96.249,-0.29
470,Tammy,Warren,twarrend1@lulu.com,Russia,221.21.195.36,-0.33
471,Janet,Willis,jwillisd2@xrea.com,Poland,49.38.212.67,-0.35
472,Martha,Gutierrez,mgutierrezd3@bigcartel.com,Nepal,33.187.36.73,-2.91
473,Martha,Rose,mrosed4@bizjournals.com,Philippines,57.162.88.143,-0.82
474,Phyllis,Ruiz,pruizd5@princeton.edu,Myanmar,103.212.242.23,1.05
475,Melissa,Gilbert,mgilbertd6@nature.com,Peru,17.48.116.93,-0.48
476,Judith,Arnold,jarnoldd7@parallels.com,France,30.188.31.124,-0.3
477,Cynthia,Sullivan,csullivand8@wiley.com,Sri Lanka,199.182.251.212,-0.26
478,Sharon,Perry,sperryd9@hugedomains.com,China,220.251.40.152,0.74
479,Terry,Porter,tporterda@ovh.net,Israel,140.117.178.3,-0.14
480,Stephen,Carter,scarterdb@nsw.gov.au,Japan,219.19.207.109,-1.68
481,Deborah,Butler,dbutlerdc@nih.gov,China,59.118.255.10,-0.97
482,Albert,Bowman,abowmandd@cyberchimps.com,Slovenia,143.241.250.175,0.62
483,Adam,Mccoy,amccoyde@imgur.com,Palestinian Territory,179.220.176.111,0.21
484,Margaret,Bowman,mbowmandf@eepurl.com,Netherlands,2.60.195.10,0.55
485,Annie,Wheeler,awheelerdg@yale.edu,Philippines,5.10.97.79,-0.69
486,Craig,Robinson,crobinsondh@sitemeter.com,Ukraine,41.94.56.105,0.89
487,Willie,Wheeler,wwheelerdi@spiegel.de,China,55.125.98.71,0.2
488,Victor,Dean,vdeandj@loc.gov,Russia,85.106.9.251,-0.01
489,Martin,Gutierrez,mgutierrezdk@ustream.tv,Tunisia,101.138.216.160,1.31
490,Lisa,Wheeler,lwheelerdl@timesonline.co.uk,Thailand,13.33.247.178,1.27
491,Michael,Garcia,mgarciadm@xing.com,China,105.185.39.136,-0.25
492,Catherine,Hudson,chudsondn@blogs.com,Tunisia,235.220.71.142,-1.35
493,Jacqueline,Morales,jmoralesdo@soup.io,China,151.57.243.145,1.18
494,Dorothy,Simmons,dsimmonsdp@newsvine.com,United States,141.214.227.114,0.2
495,Chris,Barnes,cbarnesdq@washington.edu,Indonesia,1.14.187.42,0.57
496,Phillip,Richardson,prichardsondr@washingtonpost.com,China,227.2.180.67,0.16
497,Amanda,Mcdonald,amcdonaldds@dropbox.com,China,75.191.208.248,1.64
498,Mildred,Bennett,mbennettdt@whitehouse.gov,Pakistan,232.204.96.121,-1.07
499,Ann,Vasquez,avasquezdu@wisc.edu,Russia,74.129.33.221,-0.36
500,Deborah,Gibson,dgibsondv@ebay.com,Indonesia,88.74.207.112,-1.21
501,Adam,Knight,aknightdw@furl.net,China,164.252.121.140,-1.21
502,Andrea,Montgomery,amontgomerydx@blogs.com,Indonesia,111.41.11.82,-1.53
503,Howard,Fox,hfoxdy@craigslist.org,Peru,74.46.81.28,2.62
504,Philip,Gardner,pgardnerdz@ucoz.ru,Sweden,19.195.55.184,0.4
505,Ronald,Myers,rmyerse0@tiny.cc,Indonesia,40.104.233.235,-0.4
506,Melissa,Hernandez,mhernandeze1@cdbaby.com,Peru,233.230.68.136,1.15
507,William,Rodriguez,wrodrigueze2@youtu.be,Sweden,175.74.29.228,-2.04
508,Christine,Moreno,cmorenoe3@time.com,Indonesia,126.25.22.75,0.23
509,Wanda,Hicks,whickse4@pbs.org,China,27.20.190.6,0.19
510,Joe,Romero,jromeroe5@sun.com,China,221.97.199.244,-0.22
511,Jennifer,Jones,jjonese6@github.io,Canada,100.96.17.8,1.45
512,Amanda,Sullivan,asullivane7@oaic.gov.au,Canada,155.50.80.31,-1.88
513,Rachel,Reid,rreide8@usa.gov,Poland,80.185.65.24,-1.83
514,Helen,Harris,hharrise9@walmart.com,New Zealand,235.145.5.183,-0.39
515,Adam,Romero,aromeroea@yahoo.co.jp,Portugal,233.247.119.127,0.41
516,Linda,Young,lyoungeb@sakura.ne.jp,China,159.79.216.172,1.22
517,Karen,Jones,kjonesec@tripod.com,Nicaragua,74.166.96.194,-0.06
518,Stephen,Wright,swrighted@xing.com,Thailand,131.231.216.1,1.56
519,Carl,Rice,criceee@acquirethisname.com,Ukraine,2.20.108.174,0.25
520,Tina,Gonzalez,tgonzalezef@friendfeed.com,France,221.126.162.47,0.21
521,Kelly,Moreno,kmorenoeg@cnet.com,Ukraine,123.66.117.211,-0.18
522,Craig,Lewis,clewiseh@imageshack.us,France,8.48.245.83,-2.83
523,Lois,Brooks,lbrooksei@msu.edu,Sweden,171.244.108.0,0.66
524,Gregory,Moreno,gmorenoej@cmu.edu,Argentina,16.199.182.249,-0.33
525,Scott,Willis,swillisek@sciencedaily.com,China,193.136.242.19,-0.85
526,Harold,Robinson,hrobinsonel@ocn.ne.jp,Russia,239.49.81.2,-0.09
527,Marie,Lynch,mlynchem@bloglines.com,Dominican Republic,198.85.254.185,1.66
528,Thomas,Carpenter,tcarpenteren@columbia.edu,Luxembourg,185.195.238.24,1.66
529,Clarence,Rivera,criveraeo@liveinternet.ru,Finland,223.23.254.23,-0.26
530,Jean,Woods,jwoodsep@feedburner.com,Russia,190.143.217.92,-1.56
531,Lillian,Carter,lcartereq@mozilla.com,China,237.225.161.126,-0.2
532,Margaret,Williams,mwilliamser@ning.com,Indonesia,10.43.141.20,-0.27
533,Peter,Stone,pstonees@apple.com,Sweden,126.228.31.49,-1.59
534,Carl,Nelson,cnelsonet@technorati.com,Syria,83.138.225.254,0.1
535,Ruth,Arnold,rarnoldeu@infoseek.co.jp,Argentina,211.196.135.27,0.52
536,Amy,Berry,aberryev@cyberchimps.com,Sweden,202.213.5.57,-0.06
537,Patrick,Medina,pmedinaew@a8.net,Indonesia,57.24.98.122,0.62
538,Sara,Simpson,ssimpsonex@pen.io,Indonesia,4.81.34.56,-0.68
539,Jack,Richardson,jrichardsoney@jiathis.com,China,170.121.233.14,0.35
540,Laura,Carpenter,lcarpenterez@quantcast.com,Pakistan,252.40.185.102,-0.1
541,Howard,Taylor,htaylorf0@yellowpages.com,Philippines,26.248.152.217,-0.03
542,Christina,Burke,cburkef1@cnn.com,Russia,144.51.20.114,-1.98
543,Wanda,Henry,whenryf2@feedburner.com,Czech Republic,213.35.76.13,-1.26
544,Jason,Hawkins,jhawkinsf3@google.cn,Norway,15.132.124.205,0.23
545,Gerald,King,gkingf4@wsj.com,Bangladesh,114.138.186.78,0.04
546,Albert,Burns,aburnsf5@mozilla.org,Thailand,3.198.185.240,-0.84
547,Catherine,Myers,cmyersf6@github.io,China,113.72.148.227,-0.31
548,Daniel,Gonzales,dgonzalesf7@printfriendly.com,Poland,253.92.205.45,1.51
549,Tammy,Howard,thowardf8@foxnews.com,United States,162.174.112.198,-2.82
550,Steve,Kim,skimf9@zdnet.com,Colombia,10.66.186.6,-0.92
551,Margaret,Sullivan,msullivanfa@pinterest.com,Philippines,50.250.245.144,-1.69
552,Randy,Reynolds,rreynoldsfb@hostgator.com,Ukraine,53.155.186.187,0.34
553,Joseph,Fernandez,jfernandezfc@unicef.org,Ukraine,197.105.205.243,-0.57
554,Eugene,Matthews,ematthewsfd@google.es,China,124.209.29.155,0.96
555,Juan,Phillips,jphillipsfe@apple.com,Ukraine,117.83.103.8,0.45
556,Eric,Gray,egrayff@blog.com,China,199.204.34.94,0.26
557,Matthew,Washington,mwashingtonfg@dailymotion.com,Colombia,4.217.45.39,1.17
558,Norma,Fernandez,nfernandezfh@umn.edu,Panama,223.11.101.195,-0.6
559,Carlos,King,ckingfi@merriam-webster.com,Indonesia,204.97.65.234,0.71
560,George,Snyder,gsnyderfj@ft.com,Czech Republic,233.63.75.195,0.71
561,Diana,Vasquez,dvasquezfk@hexun.com,Mongolia,98.129.60.191,-0.22
562,Andrea,Freeman,afreemanfl@diigo.com,Thailand,52.56.73.48,-1.53
563,Tammy,Oliver,toliverfm@archive.org,Philippines,75.53.173.158,0.83
564,Judith,Rice,jricefn@patch.com,Peru,114.155.77.84,1.39
565,Sandra,Oliver,soliverfo@fc2.com,Canada,14.112.137.186,-0.32
566,Michelle,Walker,mwalkerfp@amazon.com,Ethiopia,248.235.147.67,1.26
567,Edward,Bishop,ebishopfq@about.com,Ethiopia,238.29.70.184,-1.37
568,Donald,Edwards,dedwardsfr@jimdo.com,Indonesia,61.173.98.255,1.4
569,Julie,Fuller,jfullerfs@goo.ne.jp,Philippines,195.131.46.187,-0.4
570,Michael,Banks,mbanksft@fc2.com,Philippines,193.245.255.82,-0.54
571,Elizabeth,Butler,ebutlerfu@theguardian.com,China,37.93.240.156,2.63
572,Philip,Bell,pbellfv@telegraph.co.uk,Indonesia,232.135.185.114,0.46
573,Sean,Diaz,sdiazfw@smh.com.au,Mongolia,240.31.28.86,-0.53
574,Patricia,Castillo,pcastillofx@moonfruit.com,China,31.171.125.235,1.26
575,Sharon,Brooks,sbrooksfy@newsvine.com,Honduras,125.120.4.4,-0.18
576,Shirley,Torres,storresfz@sciencedaily.com,Aland Islands,169.52.94.201,-1.18
577,Joe,Myers,jmyersg0@ucsd.edu,Reunion,107.30.4.3,-0.46
578,Justin,Warren,jwarreng1@live.com,Poland,145.163.152.55,0.04
579,Donald,White,dwhiteg2@ox.ac.uk,Indonesia,210.139.180.7,-0.66
580,Jean,Barnes,jbarnesg3@cargocollective.com,Peru,131.58.164.10,1.52
581,Justin,Perry,jperryg4@livejournal.com,Sweden,9.252.196.77,-0.61
582,Andrea,Watkins,awatkinsg5@archive.org,Suriname,11.222.131.55,0.18
583,Phillip,Patterson,ppattersong6@yellowbook.com,Mexico,193.123.237.31,-0.2
584,Jeffrey,Johnston,jjohnstong7@ezinearticles.com,Brazil,96.76.88.138,-2.08
585,Daniel,Collins,dcollinsg8@nih.gov,Costa Rica,0.149.165.204,0.2
586,Robert,Hawkins,rhawkinsg9@cornell.edu,China,251.76.208.158,1.34
587,Matthew,Bell,mbellga@twitter.com,United States,19.161.23.229,-0.59
588,Roger,Long,rlonggb@google.co.jp,Brazil,3.151.147.103,0.47
589,Deborah,Lawrence,dlawrencegc@blog.com,Indonesia,234.200.169.93,0.49
590,Donald,Scott,dscottgd@instagram.com,Portugal,158.153.215.83,0.18
591,Lois,Burns,lburnsge@discovery.com,China,167.82.0.79,0.44
592,Angela,Rice,aricegf@scientificamerican.com,Thailand,175.41.219.110,0.93
593,Carol,Johnson,cjohnsongg@archive.org,France,178.168.43.196,-0.01
594,Ralph,Perez,rperezgh@illinois.edu,Ukraine,6.95.226.2,1.79
595,Douglas,Palmer,dpalmergi@ucoz.com,Syria,30.117.241.87,-0.31
596,Ronald,Lawson,rlawsongj@cafepress.com,Russia,161.159.133.173,-0.33
597,Gregory,Bell,gbellgk@hubpages.com,Pakistan,148.74.125.217,-0.27
598,Russell,Fields,rfieldsgl@cafepress.com,Portugal,53.28.173.163,1.19
599,Steve,Garrett,sgarrettgm@deviantart.com,China,122.156.85.221,0.26
600,Bonnie,Garcia,bgarciagn@bbc.co.uk,China,18.60.198.169,-0.04
601,Justin,Olson,jolsongo@abc.net.au,Sweden,218.244.253.231,-0.78
602,Andrea,Phillips,aphillipsgp@skype.com,Finland,14.10.56.6,-1.07
603,Patricia,Bennett,pbennettgq@oracle.com,Russia,90.112.133.208,-0.28
604,Mark,Ferguson,mfergusongr@dion.ne.jp,China,113.22.84.98,0.67
605,Melissa,Lawrence,mlawrencegs@tripadvisor.com,Czech Republic,156.90.156.145,-0.87
606,Stephen,Walker,swalkergt@quantcast.com,China,153.123.125.20,-0.82
607,Bruce,Mendoza,bmendozagu@ucoz.ru,China,198.87.151.81,-1.9
608,Katherine,Boyd,kboydgv@usgs.gov,China,233.62.244.178,0.75
609,Daniel,Woods,dwoodsgw@blogtalkradio.com,Kosovo,229.61.8.33,1.43
610,Julia,Perez,jperezgx@deliciousdays.com,Philippines,153.120.137.234,0.94
611,Amy,Baker,abakergy@usgs.gov,Indonesia,159.101.240.146,-1.18
612,Paula,Porter,pportergz@hibu.com,Poland,21.69.195.79,1.31
613,Larry,Frazier,lfrazierh0@soup.io,Norway,43.148.224.141,-0.17
614,Rachel,Cole,rcoleh1@buzzfeed.com,China,43.39.101.84,0.29
615,Mark,Walker,mwalkerh2@cornell.edu,Peru,9.67.76.252,0.19
616,William,Berry,wberryh3@yellowpages.com,China,148.30.186.2,-0.9
617,Marilyn,Lane,mlaneh4@berkeley.edu,Dominican Republic,245.239.242.237,0.03
618,Janice,Smith,jsmithh5@godaddy.com,Iran,4.22.245.96,-0.25
619,Benjamin,Lee,bleeh6@tripod.com,Canada,80.223.97.141,-0.21
620,Shirley,Chapman,schapmanh7@reddit.com,Russia,126.194.254.75,-1.69
621,George,Harris,gharrish8@stumbleupon.com,China,204.102.88.39,-0.01
622,Kelly,Morris,kmorrish9@youtu.be,Poland,235.177.211.169,0.53
623,Samuel,Tucker,stuckerha@comsenz.com,Poland,6.39.220.184,0.76
624,Walter,Hanson,whansonhb@behance.net,United States,37.27.18.173,0.6
625,Nicholas,Johnson,njohnsonhc@mozilla.org,China,152.237.107.120,0.58
626,Donald,Hayes,dhayeshd@soup.io,Indonesia,91.123.69.178,-0.7
627,Paul,Ortiz,portizhe@ebay.co.uk,Indonesia,40.55.33.39,-0.05
628,Christopher,Freeman,cfreemanhf@ed.gov,Russia,32.106.169.204,2.01
629,Alan,Sims,asimshg@home.pl,France,143.220.28.82,1.63
630,Ann,Sims,asimshh@redcross.org,Vietnam,249.168.124.9,-1.58
631,Cynthia,Hayes,chayeshi@psu.edu,Bulgaria,234.227.216.63,1.27
632,Louis,Bishop,lbishophj@storify.com,Philippines,66.203.37.48,-1.62
633,Jimmy,Fox,jfoxhk@google.com.au,China,132.105.43.36,1.59
634,Peter,Berry,pberryhl@cam.ac.uk,Russia,138.127.222.124,0.17
635,Angela,Henry,ahenryhm@geocities.jp,Kosovo,188.105.70.6,-0.03
636,Christina,Allen,callenhn@simplemachines.org,Philippines,158.62.58.48,0.24
637,Joan,Chavez,jchavezho@mapy.cz,United States,215.65.15.191,0.07
638,Lois,Parker,lparkerhp@dagondesign.com,China,254.197.222.219,0.49
639,Emily,Fox,efoxhq@google.ca,China,28.188.69.219,-0.9
640,John,Jacobs,jjacobshr@purevolume.com,Brazil,248.215.210.63,-0.06
641,Frank,Hernandez,fhernandezhs@meetup.com,Malaysia,51.133.218.36,-0.39
642,Sharon,Harrison,sharrisonht@cargocollective.com,China,114.118.190.19,0.2
643,Carol,Gutierrez,cgutierrezhu@nationalgeographic.com,Russia,143.179.6.231,-0.37
644,Louis,Welch,lwelchhv@usgs.gov,Croatia,176.242.194.158,-0.77
645,Cheryl,Matthews,cmatthewshw@nifty.com,Poland,175.1.48.5,1.2
646,Joshua,Murphy,jmurphyhx@linkedin.com,China,11.16.130.35,-0.36
647,Deborah,Murphy,dmurphyhy@rambler.ru,Sweden,76.194.0.60,0.41
648,Anthony,Hunter,ahunterhz@google.ca,Philippines,211.70.100.24,-1.1
649,Jeremy,Bryant,jbryanti0@feedburner.com,United States,109.243.76.126,-1.65
650,Andrea,Fowler,afowleri1@ed.gov,Brazil,151.135.76.90,0.2
651,Ralph,Grant,rgranti2@pagesperso-orange.fr,China,56.72.4.104,-1.18
652,Larry,Robertson,lrobertsoni3@google.nl,Spain,115.68.154.122,-0.59
653,Julie,Hudson,jhudsoni4@sitemeter.com,Czech Republic,143.88.229.20,0.19
654,Martha,Henderson,mhendersoni5@parallels.com,Philippines,108.82.92.201,-0.29
655,Charles,Ramirez,cramirezi6@whitehouse.gov,Costa Rica,22.108.149.172,-1.96
656,Ruby,Carroll,rcarrolli7@chicagotribune.com,Malaysia,30.95.149.129,-0.05
657,Irene,Morales,imoralesi8@joomla.org,China,223.162.16.133,0.51
658,Jacqueline,Cole,jcolei9@webs.com,China,203.38.242.214,-0.21
659,Aaron,Kelley,akelleyia@yale.edu,Philippines,243.20.198.213,-0.72
660,Kathy,Lynch,klynchib@google.com,North Korea,31.251.12.98,-0.4
661,Brenda,Lawrence,blawrenceic@mapquest.com,Portugal,75.114.89.160,-1.11
662,Joe,Castillo,jcastilloid@google.co.uk,Malaysia,210.245.155.137,-0.4
663,Norma,Day,ndayie@mlb.com,China,215.234.155.235,1.46
664,Charles,Henderson,chendersonif@odnoklassniki.ru,Poland,158.186.164.80,0.29
665,Jason,Edwards,jedwardsig@purevolume.com,China,59.197.124.75,-0.13
666,Jessica,Oliver,joliverih@soundcloud.com,Sweden,212.56.11.242,0.87
667,Charles,Williamson,cwilliamsonii@tinyurl.com,Russia,249.20.28.253,-0.95
668,Theresa,King,tkingij@army.mil,Indonesia,133.6.135.137,2.34
669,Russell,Fernandez,rfernandezik@friendfeed.com,Estonia,76.129.211.142,0.85
670,Earl,Hudson,ehudsonil@hp.com,China,86.127.175.174,-0.91
671,Brenda,Flores,bfloresim@youku.com,China,89.203.50.86,0.31
672,Patrick,George,pgeorgein@cisco.com,France,35.187.215.0,0.47
673,Louis,Morrison,lmorrisonio@cloudflare.com,Philippines,239.99.101.82,0.4
674,Brian,Ross,brossip@disqus.com,Philippines,80.59.236.80,-0.67
675,Louis,Stanley,lstanleyiq@admin.ch,Brazil,24.220.83.68,-1.29
676,Virginia,Ortiz,vortizir@taobao.com,Iran,193.74.85.139,0.03
677,Gloria,Owens,gowensis@newyorker.com,Russia,60.182.230.179,-0.29
678,Kevin,Mendoza,kmendozait@walmart.com,Poland,124.179.151.166,1.61
679,Carl,Nguyen,cnguyeniu@dailymail.co.uk,Turkmenistan,173.227.206.202,1.07
680,Jeremy,Gray,jgrayiv@miibeian.gov.cn,Philippines,247.180.79.242,-0.11
681,Ashley,Griffin,agriffiniw@sfgate.com,France,74.248.14.84,-0.53
682,Nancy,Olson,nolsonix@about.com,Brazil,182.11.217.85,0.56
683,Emily,Fox,efoxiy@fastcompany.com,Honduras,115.111.213.255,0.59
684,Stephen,Welch,swelchiz@biglobe.ne.jp,Morocco,37.102.22.195,-0.66
685,Nancy,Freeman,nfreemanj0@exblog.jp,China,35.189.224.132,-0.37
686,Ryan,Gutierrez,rgutierrezj1@vk.com,Indonesia,51.7.32.230,0.51
687,Richard,Lawrence,rlawrencej2@wikispaces.com,China,118.53.219.48,-1.5
688,Timothy,Kelley,tkelleyj3@ftc.gov,Guatemala,48.212.173.40,0.58
689,Nicholas,King,nkingj4@netlog.com,Indonesia,147.198.126.117,-0.88
690,Joan,Ramirez,jramirezj5@sourceforge.net,Nigeria,232.62.104.63,-0.73
691,Kimberly,Patterson,kpattersonj6@squarespace.com,France,105.113.22.143,0.01
692,Melissa,Bryant,mbryantj7@reverbnation.com,Greece,198.76.44.158,-0.4
693,Ruth,Hamilton,rhamiltonj8@bing.com,Portugal,217.243.9.67,1.7
694,Anthony,Welch,awelchj9@biblegateway.com,Saint Pierre and Miquelon,1.33.187.208,0.35
695,Douglas,Chapman,dchapmanja@gmpg.org,Canada,164.95.148.203,-2.02
696,Albert,Clark,aclarkjb@php.net,Czech Republic,229.90.11.110,-0.7
697,Marilyn,Gardner,mgardnerjc@statcounter.com,China,81.45.205.183,0.41
698,Harry,Campbell,hcampbelljd@google.pl,Bolivia,161.28.215.55,0.34
699,Julie,Gonzales,jgonzalesje@vimeo.com,Mongolia,221.107.210.66,0.13
700,Steve,Lynch,slynchjf@hexun.com,China,32.12.31.140,0.71
701,Gloria,Mendoza,gmendozajg@fda.gov,United Kingdom,32.68.116.194,-1.46
702,Peter,Romero,promerojh@gov.uk,Sweden,53.212.62.64,-0.45
703,Fred,Evans,fevansji@jimdo.com,Yemen,228.71.89.128,0.43
704,Shirley,Miller,smillerjj@purevolume.com,Poland,121.15.109.85,-1.6
705,Cheryl,Hicks,chicksjk@acquirethisname.com,Sweden,64.223.30.67,-0.29
706,Deborah,Mendoza,dmendozajl@oaic.gov.au,Jordan,173.117.81.39,-0.74
707,Jerry,Brooks,jbrooksjm@yandex.ru,China,202.81.84.218,-0.05
708,Ryan,Anderson,randersonjn@phpbb.com,Russia,19.83.76.9,1.65
709,Jacqueline,Myers,jmyersjo@mashable.com,Taiwan,228.129.217.200,0.03
710,Carl,Cooper,ccooperjp@squarespace.com,Croatia,209.178.104.216,0.41
711,Martha,Reed,mreedjq@hud.gov,China,235.220.152.224,-0.11
712,Rebecca,Cruz,rcruzjr@163.com,Portugal,82.58.88.129,1.87
713,Arthur,Hamilton,ahamiltonjs@soundcloud.com,Brazil,200.208.142.227,0.52
714,James,Schmidt,jschmidtjt@over-blog.com,Indonesia,63.60.179.92,-0.15
715,David,Smith,dsmithju@examiner.com,Brazil,31.181.204.40,0.43
716,Deborah,Duncan,dduncanjv@mozilla.com,China,163.159.35.13,1.4
717,Tammy,Reynolds,treynoldsjw@amazon.com,Indonesia,254.1.194.11,0.41
718,Philip,Warren,pwarrenjx@quantcast.com,Brazil,200.105.159.102,0.47
719,Carolyn,Russell,crusselljy@aol.com,China,125.231.210.154,-0.95
720,Betty,Ross,brossjz@youtube.com,Mauritius,116.153.113.97,1.08
721,Elizabeth,Gray,egrayk0@gmpg.org,Greece,193.215.251.220,-0.21
722,Debra,Brown,dbrownk1@ox.ac.uk,Ukraine,178.216.176.138,-1.35
723,Jeremy,Pierce,jpiercek2@typepad.com,Czech Republic,72.110.208.255,1.82
724,Timothy,Reyes,treyesk3@a8.net,Brazil,73.11.171.116,-0.05
725,Carol,Jenkins,cjenkinsk4@ustream.tv,Canada,245.0.185.209,-0.13
726,Patricia,Lee,pleek5@ca.gov,Bulgaria,61.232.38.237,0.79
727,Jeffrey,Scott,jscottk6@wired.com,Brazil,124.51.141.74,-2.07
728,Judith,Riley,jrileyk7@reverbnation.com,Netherlands,48.155.231.184,-0.24
729,Emily,Wells,ewellsk8@google.com.hk,Brazil,227.195.43.136,0.25
730,Karen,Stanley,kstanleyk9@diigo.com,Greece,48.61.95.172,1.23
731,Cynthia,Robinson,crobinsonka@hatena.ne.jp,Russia,23.8.71.218,2.03
732,Charles,Miller,cmillerkb@psu.edu,Costa Rica,88.0.160.242,-0.45
733,Ryan,Romero,rromerokc@ucoz.com,Brazil,244.172.109.92,0.71
734,Gerald,Palmer,gpalmerkd@rakuten.co.jp,Poland,21.141.127.226,0.62
735,Louis,Harris,lharriske@nba.com,Indonesia,193.169.17.159,1.68
736,Justin,Black,jblackkf@amazonaws.com,Luxembourg,88.42.208.162,0.37
737,Sharon,Jacobs,sjacobskg@adobe.com,United States,172.115.171.238,1.1
738,Roger,Long,rlongkh@auda.org.au,China,78.229.197.41,1.46
739,Harry,Cunningham,hcunninghamki@list-manage.com,Indonesia,108.92.19.129,0.64
740,Bobby,Griffin,bgriffinkj@yelp.com,China,118.194.251.252,1.51
741,Cynthia,Reyes,creyeskk@answers.com,China,230.249.55.88,0.48
742,Steven,Wright,swrightkl@ow.ly,Indonesia,182.239.250.33,1.39
743,Andrea,Alvarez,aalvarezkm@ft.com,Russia,125.249.220.61,-0.74
744,David,Ford,dfordkn@mail.ru,China,81.19.60.100,0.32
745,Angela,Green,agreenko@mysql.com,Sri Lanka,130.91.185.91,-1.7
746,Jimmy,Williamson,jwilliamsonkp@nsw.gov.au,Poland,155.116.173.21,1.25
747,Patricia,Warren,pwarrenkq@blogtalkradio.com,Philippines,242.26.180.236,-2.43
748,Kathryn,Ryan,kryankr@biblegateway.com,Ireland,226.157.181.25,-0.42
749,David,Richardson,drichardsonks@google.com.br,Syria,31.54.242.142,-0.58
750,Evelyn,Perry,eperrykt@umn.edu,Ukraine,237.70.144.4,-0.07
751,Matthew,Burns,mburnsku@sakura.ne.jp,Russia,188.98.121.198,-1.42
752,Jason,Ward,jwardkv@nationalgeographic.com,Ukraine,166.37.126.195,-0.34
753,Carol,Weaver,cweaverkw@infoseek.co.jp,Indonesia,221.62.152.207,0.56
754,Walter,Walker,wwalkerkx@technorati.com,Philippines,3.132.135.31,0.12
755,Debra,Pierce,dpierceky@addthis.com,Indonesia,1.149.198.243,0.51
756,Johnny,Johnson,jjohnsonkz@facebook.com,Indonesia,131.3.226.137,0.85
757,Melissa,Cook,mcookl0@bluehost.com,Canada,112.0.21.6,0.41
758,Jean,Griffin,jgriffinl1@histats.com,Sweden,206.175.62.38,0.84
759,Thomas,Adams,tadamsl2@mashable.com,Argentina,155.174.135.217,-1.01
760,Henry,Nguyen,hnguyenl3@usda.gov,China,37.53.20.100,0.35
761,Judy,Reed,jreedl4@blogger.com,Ukraine,247.6.11.49,0.29
762,Nicole,Riley,nrileyl5@theatlantic.com,China,235.111.17.118,-1.07
763,Raymond,Cunningham,rcunninghaml6@quantcast.com,Zimbabwe,44.31.62.158,-0.43
764,Barbara,Henry,bhenryl7@twitpic.com,Ukraine,27.188.130.5,-1.71
765,Frances,Kelly,fkellyl8@ustream.tv,China,144.90.251.250,-0.96
766,Brandon,Tucker,btuckerl9@nasa.gov,China,126.129.160.28,0.38
767,Phyllis,Jacobs,pjacobsla@vimeo.com,Gambia,119.103.149.91,-1.03
768,Albert,George,ageorgelb@about.me,Brazil,93.51.137.207,-0.16
769,Helen,Frazier,hfrazierlc@squarespace.com,Yemen,129.220.201.214,-1.92
770,Michael,Dixon,mdixonld@people.com.cn,Serbia,21.225.155.100,0.75
771,Kathleen,Mendoza,kmendozale@bing.com,Canada,70.219.124.214,-1.65
772,Jane,Lynch,jlynchlf@myspace.com,China,64.28.92.229,-0.3
773,Joyce,Ross,jrosslg@loc.gov,Haiti,168.233.71.9,-1.15
774,Dorothy,Watson,dwatsonlh@netlog.com,Indonesia,118.245.181.210,1.11
775,Shirley,Clark,sclarkli@slashdot.org,Canada,187.202.96.144,-0.49
776,Betty,Hayes,bhayeslj@digg.com,Russia,218.121.100.75,0.47
777,Diane,Carr,dcarrlk@phpbb.com,Argentina,222.37.102.85,1.57
778,Randy,Kelley,rkelleyll@answers.com,Portugal,113.222.98.14,-1.63
779,Mildred,Barnes,mbarneslm@hud.gov,Serbia,182.89.93.39,1.19
780,Martin,Powell,mpowellln@amazon.co.jp,China,159.149.184.243,-0.24
781,Wanda,Perez,wperezlo@blinklist.com,Nigeria,102.102.239.70,0.8
782,Martha,Frazier,mfrazierlp@ycombinator.com,Poland,192.197.109.18,0.85
783,Sean,James,sjameslq@state.tx.us,China,153.173.45.135,-0.57
784,Ryan,Ruiz,rruizlr@hexun.com,China,148.199.147.200,1.0
785,Shirley,Coleman,scolemanls@a8.net,China,71.187.108.17,-0.68
786,Melissa,Bennett,mbennettlt@dyndns.org,Indonesia,211.134.117.244,-0.48
787,Deborah,Perez,dperezlu@yahoo.com,Poland,116.230.202.81,0.52
788,Juan,Edwards,jedwardslv@bandcamp.com,Ukraine,43.85.237.254,0.53
789,Margaret,King,mkinglw@virginia.edu,China,118.4.47.44,-1.32
790,Christina,Robertson,crobertsonlx@mozilla.org,Argentina,45.113.180.201,-0.14
791,Amy,Martin,amartinly@theglobeandmail.com,Thailand,175.238.198.117,-0.95
792,Jack,Black,jblacklz@msu.edu,Indonesia,255.160.197.73,0.19
793,Frances,Fox,ffoxm0@sbwire.com,Pakistan,158.24.199.145,-1.07
794,Samuel,Garcia,sgarciam1@jigsy.com,China,195.131.142.217,-0.42
795,Douglas,Garcia,dgarciam2@imageshack.us,Indonesia,137.247.183.97,0.18
796,Jennifer,Coleman,jcolemanm3@wikia.com,Vietnam,148.6.205.10,0.98
797,Carlos,Little,clittlem4@shop-pro.jp,Poland,74.96.226.119,0.38
798,Angela,Mitchell,amitchellm5@wikipedia.org,China,118.144.26.80,-0.5
799,Jeffrey,Gardner,jgardnerm6@simplemachines.org,Ireland,87.229.193.128,-1.57
800,Lori,Carr,lcarrm7@youtu.be,Indonesia,212.42.59.203,1.1
801,Angela,Williamson,awilliamsonm8@thetimes.co.uk,Peru,115.194.227.137,0.75
802,Ashley,Rogers,arogersm9@illinois.edu,Guatemala,218.182.13.235,-0.04
803,Steven,Bradley,sbradleyma@nbcnews.com,Vietnam,157.20.96.222,0.95
804,Louis,Hernandez,lhernandezmb@mail.ru,Zambia,127.165.222.136,0.5
805,Henry,Hansen,hhansenmc@cafepress.com,China,208.123.66.110,-0.69
806,Sharon,Bryant,sbryantmd@google.es,China,247.123.107.107,-0.58
807,Jennifer,Fernandez,jfernandezme@studiopress.com,Norway,243.134.59.126,0.66
808,Joyce,Baker,jbakermf@time.com,Kazakhstan,13.148.68.239,0.4
809,Carlos,Cook,ccookmg@jugem.jp,Chile,136.134.90.12,-0.75
810,Jane,Watkins,jwatkinsmh@youku.com,Russia,106.225.140.219,-1.36
811,Roy,Matthews,rmatthewsmi@infoseek.co.jp,Russia,60.184.205.37,1.59
812,Debra,Romero,dromeromj@last.fm,Poland,114.255.38.203,-0.9
813,Carlos,Montgomery,cmontgomerymk@mashable.com,Japan,76.35.194.52,-0.73
814,Diana,Hart,dhartml@domainmarket.com,Poland,210.140.223.90,-1.04
815,Theresa,Wilson,twilsonmm@cloudflare.com,Philippines,121.61.152.102,-0.47
816,Henry,Cruz,hcruzmn@ning.com,Russia,110.132.8.93,-0.45
817,Harry,Lynch,hlynchmo@netvibes.com,Indonesia,1.188.32.127,-0.6
818,Craig,Garza,cgarzamp@wired.com,Malaysia,81.233.212.93,-2.4
819,Jesse,Rodriguez,jrodriguezmq@smugmug.com,Netherlands,109.22.193.75,-0.57
820,Jose,Wagner,jwagnermr@java.com,Colombia,31.227.252.152,-0.11
821,Larry,Cook,lcookms@goo.gl,Albania,225.13.108.171,-1.24
822,Norma,Gonzales,ngonzalesmt@google.pl,France,164.96.182.103,-1.15
823,Gloria,Howard,ghowardmu@ucoz.com,Australia,23.18.231.179,0.4
824,Ralph,Morrison,rmorrisonmv@dailymotion.com,Ukraine,90.247.231.214,-0.43
825,Howard,Tucker,htuckermw@loc.gov,Pakistan,201.179.54.81,0.23
826,Kathryn,Gardner,kgardnermx@wordpress.org,Czech Republic,189.202.222.12,-0.7
827,Nicholas,Fowler,nfowlermy@amazon.de,Canada,207.147.118.231,-0.25
828,Paula,Jacobs,pjacobsmz@4shared.com,Nepal,137.224.46.170,-0.21
829,Kenneth,Ruiz,kruizn0@netscape.com,China,248.71.123.183,-0.19
830,Christopher,Foster,cfostern1@imdb.com,Ivory Coast,129.139.169.81,-0.59
831,Rebecca,Wright,rwrightn2@flickr.com,Bangladesh,53.172.202.127,0.21
832,Todd,Ramirez,tramirezn3@whitehouse.gov,Russia,155.163.166.168,-1.35
833,Joseph,Nichols,jnicholsn4@csmonitor.com,Thailand,147.37.242.156,-1.2
834,Lisa,Griffin,lgriffinn5@surveymonkey.com,Indonesia,251.251.201.108,-0.01
835,Phyllis,Mcdonald,pmcdonaldn6@netlog.com,China,207.221.62.25,-0.5
836,Eugene,Cole,ecolen7@omniture.com,Canada,253.226.247.35,-0.55
837,Alan,Hall,ahalln8@wikipedia.org,Russia,253.230.79.174,0.25
838,Kelly,Hernandez,khernandezn9@themeforest.net,China,234.244.185.234,0.33
839,Tina,Bennett,tbennettna@hexun.com,Thailand,16.42.76.43,-0.01
840,Gerald,Martin,gmartinnb@free.fr,Brazil,14.157.226.25,0.03
841,Jennifer,Cook,jcooknc@furl.net,Afghanistan,214.182.202.141,0.87
842,Nicole,Wood,nwoodnd@homestead.com,Bulgaria,0.227.2.121,0.66
843,Barbara,Pierce,bpiercene@google.it,Poland,210.57.113.118,0.26
844,Larry,Welch,lwelchnf@newyorker.com,Belarus,206.107.144.241,1.41
845,Ernest,Carr,ecarrng@nationalgeographic.com,New Zealand,38.189.217.236,-0.86
846,Earl,Fields,efieldsnh@clickbank.net,North Korea,48.219.169.194,-1.14
847,Jerry,Arnold,jarnoldni@wired.com,Dominican Republic,101.58.157.57,0.21
848,Lisa,Henderson,lhendersonnj@ucsd.edu,Saudi Arabia,155.126.159.221,0.77
849,Steve,Oliver,solivernk@flickr.com,Indonesia,123.116.158.141,0.98
850,Benjamin,Stewart,bstewartnl@google.ca,China,44.113.110.138,-0.13
851,Donald,Murray,dmurraynm@bandcamp.com,Indonesia,246.156.138.215,-0.32
852,Henry,Holmes,hholmesnn@flavors.me,Northern Mariana Islands,219.39.87.197,1.79
853,Carlos,Oliver,coliverno@cargocollective.com,China,23.40.217.91,-0.9
854,Judith,Watson,jwatsonnp@linkedin.com,Russia,189.28.74.123,0.63
855,Joe,Hart,jhartnq@statcounter.com,Indonesia,238.173.102.0,-0.11
856,Louis,Stanley,lstanleynr@furl.net,China,109.164.132.91,-1.75
857,Richard,Harvey,rharveyns@newyorker.com,Poland,232.85.63.89,0.51
858,Kimberly,Morgan,kmorgannt@omniture.com,Czech Republic,4.160.77.157,-1.0
859,Phyllis,Adams,padamsnu@google.de,Macedonia,168.232.81.161,-0.21
860,Carl,Welch,cwelchnv@mozilla.org,Japan,243.193.63.74,0.38
861,Timothy,Olson,tolsonnw@networkadvertising.org,China,94.236.60.118,0.16
862,Todd,Davis,tdavisnx@google.co.jp,Canada,41.108.0.49,-0.64
863,Linda,Turner,lturnerny@themeforest.net,Japan,73.131.247.135,-0.22
864,Robert,Hart,rhartnz@mysql.com,Philippines,216.85.224.182,0.07
865,Alice,Allen,aalleno0@japanpost.jp,Sweden,46.1.73.22,0.0
866,Linda,Hunt,lhunto1@ezinearticles.com,China,210.23.51.186,-0.01
867,Benjamin,Montgomery,bmontgomeryo2@google.com.au,Indonesia,198.98.0.83,-0.83
868,Nancy,Lane,nlaneo3@studiopress.com,Eritrea,14.48.24.202,-1.55
869,Edward,Castillo,ecastilloo4@imageshack.us,Indonesia,88.3.176.173,0.77
870,Gary,Martinez,gmartinezo5@canalblog.com,China,164.65.0.23,0.48
871,Mary,Warren,mwarreno6@foxnews.com,China,134.233.113.234,0.16
872,Chris,Hunter,chuntero7@intel.com,Denmark,157.204.47.78,-0.7
873,George,Grant,ggranto8@artisteer.com,Indonesia,185.45.72.244,-0.2
874,Larry,Montgomery,lmontgomeryo9@clickbank.net,Czech Republic,136.15.182.148,-0.55
875,Fred,Cunningham,fcunninghamoa@ning.com,Mongolia,122.23.132.119,1.2
876,Jean,Banks,jbanksob@liveinternet.ru,China,46.64.216.39,-0.37
877,Carl,Hayes,chayesoc@cbsnews.com,Sri Lanka,146.212.114.97,0.43
878,Tammy,Dean,tdeanod@nasa.gov,Russia,252.68.93.13,0.47
879,Lillian,Harvey,lharveyoe@timesonline.co.uk,Ukraine,220.97.168.238,-0.39
880,Ruby,Nelson,rnelsonof@intel.com,Brazil,60.182.129.18,1.31
881,Cynthia,Morrison,cmorrisonog@nbcnews.com,Brazil,170.53.106.55,1.35
882,Paul,Banks,pbanksoh@wiley.com,Nigeria,127.242.212.153,0.49
883,Samuel,Ford,sfordoi@mac.com,Russia,180.156.139.47,-0.53
884,Jason,Parker,jparkeroj@businesswire.com,China,4.182.210.39,-0.19
885,Thomas,Wright,twrightok@paginegialle.it,Philippines,153.128.72.206,1.67
886,Andrew,Fields,afieldsol@time.com,Armenia,153.195.134.186,-1.25
887,Craig,Simmons,csimmonsom@aboutads.info,Colombia,161.222.34.222,-0.08
888,Irene,Andrews,iandrewson@alexa.com,Russia,233.195.23.1,0.1
889,Craig,Sullivan,csullivanoo@mayoclinic.com,Poland,58.28.134.165,-0.4
890,Steven,Gutierrez,sgutierrezop@blogspot.com,Portugal,20.236.120.70,0.64
891,Raymond,Myers,rmyersoq@pcworld.com,Indonesia,115.108.153.8,-0.76
892,Ashley,Graham,agrahamor@naver.com,United States,134.29.127.105,0.65
893,Frank,Gomez,fgomezos@cbsnews.com,Poland,33.39.70.40,-0.09
894,Cynthia,Fuller,cfullerot@trellian.com,Iran,187.184.24.201,-1.52
895,Doris,Boyd,dboydou@blogspot.com,Indonesia,22.170.14.21,1.38
896,Janice,Perry,jperryov@stumbleupon.com,Sweden,159.240.232.189,-1.67
897,Lisa,Woods,lwoodsow@delicious.com,Indonesia,238.248.22.249,-0.94
898,Charles,Pierce,cpierceox@wikimedia.org,China,209.160.145.129,0.28
899,Judith,Banks,jbanksoy@telegraph.co.uk,China,185.143.84.107,0.7
900,Ryan,Carter,rcarteroz@samsung.com,Finland,72.78.137.107,-0.99
901,Julia,Howard,jhowardp0@stanford.edu,Nigeria,1.61.137.192,1.0
902,Doris,Rogers,drogersp1@amazon.de,China,30.70.181.104,-0.59
903,Helen,Webb,hwebbp2@answers.com,China,177.74.24.160,-1.3
904,Mildred,Henderson,mhendersonp3@foxnews.com,China,27.217.242.20,-0.74
905,Benjamin,Mccoy,bmccoyp4@hhs.gov,Colombia,242.249.251.120,-1.59
906,Janet,Mason,jmasonp5@nifty.com,Pakistan,26.110.22.210,-1.67
907,Samuel,Young,syoungp6@virginia.edu,Nigeria,81.202.34.173,2.05
908,Beverly,Lewis,blewisp7@economist.com,Philippines,180.173.15.235,0.6
909,Shirley,Nguyen,snguyenp8@rambler.ru,Japan,34.82.102.75,0.18
910,Sandra,Boyd,sboydp9@clickbank.net,Sierra Leone,153.118.7.22,0.4
911,Joe,Andrews,jandrewspa@ehow.com,Norway,87.104.231.152,-0.3
912,Samuel,Ford,sfordpb@go.com,Ukraine,124.81.180.14,0.67
913,Marie,Butler,mbutlerpc@biblegateway.com,Brazil,250.245.157.153,0.56
914,Ruby,Howard,rhowardpd@shop-pro.jp,Venezuela,214.225.111.182,-0.02
915,Heather,Burton,hburtonpe@blog.com,Philippines,142.33.115.133,-0.05
916,Doris,Harris,dharrispf@wisc.edu,Yemen,138.248.1.0,-0.48
917,Bobby,Rivera,briverapg@redcross.org,Iran,20.91.154.209,2.12
918,Wanda,Anderson,wandersonph@jimdo.com,China,72.130.248.17,0.06
919,Pamela,Stone,pstonepi@sakura.ne.jp,France,81.235.147.217,-0.25
920,Doris,Jacobs,djacobspj@japanpost.jp,Brazil,159.152.55.36,-0.27
921,Eric,Lewis,elewispk@nationalgeographic.com,Poland,40.171.153.165,0.31
922,Peter,Evans,pevanspl@bizjournals.com,Portugal,126.156.82.170,-0.4
923,Tammy,Fox,tfoxpm@myspace.com,Russia,76.111.147.56,1.04
924,Edward,Cox,ecoxpn@wufoo.com,Portugal,164.231.34.218,0.11
925,Jason,Alvarez,jalvarezpo@army.mil,Philippines,142.162.93.71,1.56
926,Fred,Foster,ffosterpp@ibm.com,Iran,203.129.0.120,-0.44
927,Laura,Scott,lscottpq@barnesandnoble.com,Indonesia,192.174.108.28,0.46
928,Denise,Jacobs,djacobspr@addthis.com,China,83.73.196.180,0.84
929,Brian,Payne,bpayneps@about.me,China,16.132.182.32,1.28
930,Louis,Nichols,lnicholspt@engadget.com,Sweden,31.194.66.208,-0.32
931,Tammy,Coleman,tcolemanpu@google.de,Peru,235.118.144.237,-1.42
932,Pamela,Price,ppricepv@reddit.com,Philippines,46.34.151.202,0.43
933,Virginia,Thomas,vthomaspw@networkadvertising.org,China,217.83.208.151,0.15
934,Deborah,Hansen,dhansenpx@hatena.ne.jp,Philippines,138.240.157.244,-0.31
935,Richard,Cooper,rcooperpy@printfriendly.com,Myanmar,70.45.158.248,-1.32
936,Robin,Hill,rhillpz@creativecommons.org,China,205.149.79.233,-0.3
937,Victor,Cole,vcoleq0@netvibes.com,Portugal,8.28.154.246,0.57
938,Richard,Wheeler,rwheelerq1@vinaora.com,Indonesia,98.10.207.22,1.23
939,Jose,Gonzalez,jgonzalezq2@taobao.com,China,90.137.0.39,0.95
940,Paula,Little,plittleq3@sogou.com,Philippines,183.9.147.83,0.46
941,Carolyn,Banks,cbanksq4@utexas.edu,Russia,19.26.8.57,-0.51
942,Patricia,Miller,pmillerq5@howstuffworks.com,Indonesia,155.213.31.207,0.35
943,Anthony,Jenkins,ajenkinsq6@mayoclinic.com,Czech Republic,159.228.19.123,-0.18
944,Mark,Ellis,mellisq7@cloudflare.com,Colombia,52.208.71.95,0.46
945,Angela,Robinson,arobinsonq8@twitpic.com,Nigeria,222.182.132.152,0.06
946,Jesse,Hudson,jhudsonq9@digg.com,Indonesia,102.0.28.39,0.58
947,Gloria,Cole,gcoleqa@exblog.jp,China,173.37.51.18,0.04
948,Steven,Stewart,sstewartqb@squarespace.com,Oman,126.39.41.214,-0.15
949,Jose,Barnes,jbarnesqc@businessinsider.com,Bulgaria,90.237.49.182,0.05
950,Joshua,Rodriguez,jrodriguezqd@opensource.org,Czech Republic,233.133.159.79,0.25
951,Adam,Watson,awatsonqe@microsoft.com,Indonesia,206.79.246.77,0.18
952,Stephen,Richardson,srichardsonqf@howstuffworks.com,Brazil,215.68.137.162,-0.94
953,Henry,Matthews,hmatthewsqg@japanpost.jp,Indonesia,230.214.172.2,-1.09
954,Beverly,Myers,bmyersqh@boston.com,Haiti,79.101.138.188,-0.23
955,Evelyn,Collins,ecollinsqi@devhub.com,Japan,233.210.122.165,-1.12
956,Randy,Richards,rrichardsqj@issuu.com,Ireland,163.46.103.219,1.41
957,Shirley,Willis,swillisqk@indiegogo.com,Poland,33.70.1.83,-0.39
958,Amanda,Wallace,awallaceql@google.pl,Indonesia,135.34.82.107,-0.87
959,Andrew,Olson,aolsonqm@xing.com,United States,77.223.1.74,0.55
960,Matthew,Holmes,mholmesqn@ocn.ne.jp,Canada,82.216.103.208,0.38
961,Mary,James,mjamesqo@msu.edu,China,122.100.238.153,-0.03
962,Samuel,Kelley,skelleyqp@wix.com,Thailand,239.11.252.83,1.0
963,Brenda,Greene,bgreeneqq@seattletimes.com,China,35.145.98.23,-0.25
964,Michael,Butler,mbutlerqr@studiopress.com,Thailand,210.250.14.158,-0.56
965,Sara,Ray,srayqs@omniture.com,Gabon,43.84.0.69,-0.19
966,Diane,Morgan,dmorganqt@weather.com,Philippines,206.26.213.183,1.06
967,Cynthia,Lopez,clopezqu@umich.edu,Russia,171.72.131.140,0.66
968,Lisa,Gonzales,lgonzalesqv@virginia.edu,Venezuela,231.43.195.247,0.5
969,Phillip,Stanley,pstanleyqw@cam.ac.uk,China,152.168.174.168,1.56
970,Janet,Day,jdayqx@mit.edu,Indonesia,40.190.51.52,-1.67
971,Eugene,Bell,ebellqy@elpais.com,Poland,95.26.189.201,-1.29
972,Adam,Perry,aperryqz@webmd.com,Russia,180.240.9.193,0.6
973,Philip,Fuller,pfullerr0@yolasite.com,Nigeria,8.109.79.226,-0.41
974,Christina,Henderson,chendersonr1@cocolog-nifty.com,Indonesia,182.61.255.242,0.04
975,Christine,Williams,cwilliamsr2@amazonaws.com,China,114.195.139.212,1.59
976,Julie,Montgomery,jmontgomeryr3@stumbleupon.com,Turkey,102.198.33.116,0.99
977,Jane,Lynch,jlynchr4@trellian.com,China,10.178.99.82,0.82
978,Henry,Holmes,hholmesr5@posterous.com,Philippines,50.81.130.41,0.85
979,Deborah,Lewis,dlewisr6@purevolume.com,Colombia,212.54.48.106,-2.08
980,Lillian,Green,lgreenr7@hao123.com,Brazil,71.25.199.175,0.6
981,Jerry,Russell,jrussellr8@hc360.com,Brazil,83.41.196.117,0.99
982,Rose,Henry,rhenryr9@cnn.com,Portugal,227.223.142.174,0.5
983,Barbara,Miller,bmillerra@sfgate.com,Poland,61.118.164.102,-0.21
984,Margaret,Parker,mparkerrb@sbwire.com,Sweden,147.164.80.141,-0.24
985,Jessica,Mitchell,jmitchellrc@uol.com.br,China,115.162.87.127,0.0
986,Sean,Fisher,sfisherrd@hugedomains.com,Nigeria,60.199.96.123,-1.52
987,Beverly,Bowman,bbowmanre@dion.ne.jp,Philippines,55.123.20.43,0.34
988,Judith,Stevens,jstevensrf@shop-pro.jp,Russia,167.184.251.61,0.63
989,Gloria,Brown,gbrownrg@oracle.com,France,203.33.172.144,-0.94
990,Janet,Andrews,jandrewsrh@bing.com,Indonesia,153.152.217.223,-0.4
991,Alan,Duncan,aduncanri@alibaba.com,China,49.220.40.36,0.08
992,Janice,Evans,jevansrj@cornell.edu,Indonesia,56.56.35.224,-0.52
993,Christine,Sanders,csandersrk@hatena.ne.jp,Indonesia,82.194.214.232,0.24
994,Sandra,Cook,scookrl@arstechnica.com,Uganda,246.165.121.105,0.53
995,Jean,Williamson,jwilliamsonrm@about.me,Cuba,80.166.44.63,-0.29
996,Adam,Washington,awashingtonrn@friendfeed.com,Russia,73.119.254.131,1.89
997,Adam,Peterson,apetersonro@wufoo.com,Canada,4.85.111.236,0.86
998,Mary,Hayes,mhayesrp@wordpress.com,Sweden,197.58.218.165,-0.48
999,Walter,Moore,wmoorerq@unesco.org,Poland,186.38.135.182,0.83
1000,Joyce,Turner,jturnerrr@cmu.edu,France,132.71.55.36,1.19
